{
  "0": {
    "precision": 0.9103448275862069,
    "recall": 0.4925373134328358,
    "f1-score": 0.639225181598063,
    "support": 268
  },
  "1": {
    "precision": 0.79841449603624,
    "recall": 0.8571428571428571,
    "f1-score": 0.8267370272647317,
    "support": 1645
  },
  "2": {
    "precision": 0.7929936305732485,
    "recall": 0.8459796149490374,
    "f1-score": 0.8186301369863014,
    "support": 1766
  },
  "3": {
    "precision": 0.7436974789915967,
    "recall": 0.6366906474820144,
    "f1-score": 0.686046511627907,
    "support": 556
  },
  "4": {
    "precision": 0.7703862660944206,
    "recall": 0.7687366167023555,
    "f1-score": 0.7695605573419079,
    "support": 467
  },
  "5": {
    "precision": 0.8369098712446352,
    "recall": 0.7276119402985075,
    "f1-score": 0.7784431137724551,
    "support": 268
  },
  "accuracy": 0.7935613682092555,
  "macro avg": {
    "precision": 0.8087910950877246,
    "recall": 0.7214498316679346,
    "f1-score": 0.753107088098561,
    "support": 4970
  },
  "weighted avg": {
    "precision": 0.7958448775541366,
    "recall": 0.7935613682092555,
    "f1-score": 0.7900291701552068,
    "support": 4970
  }
}